<keymap version="1" name="Default for GNOME copy" parent="Default for GNOME">
  <action id="Back">
    <keyboard-shortcut first-keystroke="shift alt left" />
    <mouse-shortcut keystroke="button4" />
    <keyboard-shortcut first-keystroke="ctrl minus" />
  </action>
  <action id="Blaze.IncrementalSyncProject">
    <keyboard-shortcut first-keystroke="shift f11" />
  </action>
  <action id="CheckinProject" />
  <action id="CloseContent">
    <keyboard-shortcut first-keystroke="ctrl f4" />
    <keyboard-shortcut first-keystroke="ctrl w" />
  </action>
  <action id="CollapseAll">
    <keyboard-shortcut first-keystroke="ctrl subtract" />
  </action>
  <action id="CollapseAllRegions">
    <keyboard-shortcut first-keystroke="shift ctrl subtract" />
  </action>
  <action id="CollapseExpandableComponent">
    <keyboard-shortcut first-keystroke="shift enter" />
    <keyboard-shortcut first-keystroke="ctrl subtract" />
  </action>
  <action id="CollapseRegion">
    <keyboard-shortcut first-keystroke="ctrl subtract" />
  </action>
  <action id="CommentByLineComment">
    <keyboard-shortcut first-keystroke="ctrl slash" />
    <keyboard-shortcut first-keystroke="ctrl divide" />
    <keyboard-shortcut first-keystroke="ctrl k" second-keystroke="ctrl c" />
    <keyboard-shortcut first-keystroke="ctrl k" second-keystroke="ctrl u" />
  </action>
  <action id="CopyContentRootPath">
    <keyboard-shortcut first-keystroke="ctrl alt c" />
  </action>
  <action id="Diff.FocusOppositePane" />
  <action id="Diff.FocusOppositePaneAndScroll" />
  <action id="EditorSelectWord" />
  <action id="Find">
    <keyboard-shortcut first-keystroke="shift alt 3" />
  </action>
  <action id="Forward">
    <keyboard-shortcut first-keystroke="shift alt right" />
    <mouse-shortcut keystroke="button5" />
    <keyboard-shortcut first-keystroke="shift ctrl minus" />
  </action>
  <action id="GotoDeclaration">
    <keyboard-shortcut first-keystroke="ctrl b" />
    <mouse-shortcut keystroke="control button1" />
    <keyboard-shortcut first-keystroke="shift f12" />
  </action>
  <action id="GotoImplementation">
    <keyboard-shortcut first-keystroke="ctrl alt b" />
    <mouse-shortcut keystroke="control alt button1" />
    <keyboard-shortcut first-keystroke="f12" />
  </action>
  <action id="GotoTest" />
  <action id="Images.ShowThumbnails" />
  <action id="IntroduceConstant" />
  <action id="Jdbc.OpenEditor.DDL">
    <keyboard-shortcut first-keystroke="ctrl b" />
    <mouse-shortcut keystroke="control button1" />
  </action>
  <action id="JumpToLastWindow" />
  <action id="Macro.Format and Save">
    <keyboard-shortcut first-keystroke="ctrl s" />
  </action>
  <action id="NextTab">
    <keyboard-shortcut first-keystroke="alt right" />
    <keyboard-shortcut first-keystroke="ctrl tab" />
  </action>
  <action id="PreviousTab">
    <keyboard-shortcut first-keystroke="alt left" />
    <keyboard-shortcut first-keystroke="shift ctrl tab" />
  </action>
  <action id="RenameElement">
    <keyboard-shortcut first-keystroke="shift f6" />
    <keyboard-shortcut first-keystroke="ctrl r" second-keystroke="ctrl r" />
  </action>
  <action id="ReopenClosedTab">
    <keyboard-shortcut first-keystroke="shift ctrl t" />
  </action>
  <action id="Replace">
    <keyboard-shortcut first-keystroke="ctrl f" />
  </action>
  <action id="RestoreDefaultLayout" />
  <action id="RunDashboard.ShowConfigurations" />
  <action id="SaveAll">
    <keyboard-shortcut first-keystroke="shift ctrl s" />
  </action>
  <action id="ShowBookmarks" />
  <action id="Switcher" />
  <action id="TodoViewGroupByFlattenPackage" />
  <action id="Tool_External Tools_format">
    <keyboard-shortcut first-keystroke="ctrl t" />
  </action>
  <action id="Vcs.Log.GoToRef">
    <keyboard-shortcut first-keystroke="shift alt 3" />
  </action>
  <action id="Vcs.UpdateProject" />
  <action id="uk.co.ben_gibson.git.link.ui.actions.menu.CopyAction">
    <keyboard-shortcut first-keystroke="shift ctrl g" second-keystroke="ctrl c" />
  </action>
</keymap>