<application>
  <component name="FileTypeManager" version="18">
    <ignoreFiles list="*$py.class;*.pyc;*.pyo;*.rbc;*.yarb;*~;.DS_Store;.git;.hg;.svn;CVS;__pycache__;_svn;vssver.scc;vssver2.scc" />
    <extensionMap>
      <mapping pattern="*" type="AUTO_DETECTED" />
      <removed_mapping ext="bash" approved="true" type="Shell Script" />
      <removed_mapping ext="sh" approved="true" type="Shell Script" />
      <removed_mapping ext="zsh" approved="true" type="Shell Script" />
      <removed_mapping pattern="mount-new-includes" approved="true" type="AUTO_DETECTED" />
      <removed_mapping pattern="mount-new-includes-to-squashfs" approved="true" type="AUTO_DETECTED" />
      <removed_mapping pattern="pidgin" approved="true" type="AUTO_DETECTED" />
      <removed_mapping pattern="test" approved="true" type="AUTO_DETECTED" />
      <removed_mapping pattern="thunderbird" approved="true" type="AUTO_DETECTED" />
      <removed_mapping pattern="thunderbird" approved="true" type="BashPro Shell Script" />
    </extensionMap>
  </component>
</application>