<application>
  <component name="FileTypeManager" version="19">
    <ignoreFiles list="*$py.class;*.pyc;*.pyo;*.rbc;*.yarb;*~;.DS_Store;.git;.hg;.mypy_cache;.pytest_cache;.ruff_cache;.svn;CVS;__pycache__;_svn;vssver.scc;vssver2.scc" />
    <extensionMap>
      <mapping ext="srcjar" type="ARCHIVE" />
      <mapping pattern="curl" type="AUTO_DETECTED" />
      <mapping pattern="01-update-dconf" type="AUTO_DETECTED" />
      <mapping pattern="pre-commit" type="AUTO_DETECTED" />
      <mapping pattern="zzz_tails-installer" type="AUTO_DETECTED" />
      <mapping pattern="00-reset-gnome-settings" type="AUTO_DETECTED" />
      <mapping pattern="zzz_gnome-shell-portal-helper" type="AUTO_DETECTED" />
      <mapping pattern="tails-version" type="AUTO_DETECTED" />
      <mapping pattern="flatpak" type="AUTO_DETECTED" />
      <mapping pattern="kleopatra" type="AUTO_DETECTED" />
      <mapping pattern="http-server" type="AUTO_DETECTED" />
      <mapping pattern="run-gnome-shell-portal-helper-in-netns" type="AUTO_DETECTED" />
      <mapping pattern="connectivity-check-proxy" type="AUTO_DETECTED" />
      <mapping pattern="netns-bus-proxy" type="AUTO_DETECTED" />
      <mapping pattern="tails-create-flatpak-runtime" type="AUTO_DETECTED" />
      <mapping pattern="zzz_tails-gnome-settings-monitor" type="AUTO_DETECTED" />
      <mapping pattern="add-gnome-bookmark" type="AUTO_DETECTED" />
      <mapping pattern="run-connectivity-check-proxy-in-netns" type="AUTO_DETECTED" />
      <mapping pattern="fake-captive-portal" type="AUTO_DETECTED" />
      <mapping pattern="download-build-deps" type="AUTO_DETECTED" />
      <mapping pattern="tor-browser" type="AUTO_DETECTED" />
      <mapping pattern="tails-run-tor-browser-in-flatpak" type="AUTO_DETECTED" />
      <mapping pattern="connect-drop-tails-installer" type="AUTO_DETECTED" />
      <mapping pattern="tails-replay-test-suite-wrapper" type="AUTO_DETECTED" />
      <mapping pattern="foo" type="AUTO_DETECTED" />
      <mapping pattern="tca" type="AUTO_DETECTED" />
      <mapping pattern="connect-drop-tca" type="AUTO_DETECTED" />
      <mapping pattern="tps-activate" type="AUTO_DETECTED" />
      <mapping pattern="mount-new-includes-to-flatpak-runtime" type="AUTO_DETECTED" />
      <mapping pattern="tails-installer" type="AUTO_DETECTED" />
      <mapping pattern="sudo" type="AUTO_DETECTED" />
      <mapping pattern="mount-projects-overlay" type="AUTO_DETECTED" />
      <mapping pattern="gnome-shell-portal-helper" type="AUTO_DETECTED" />
      <mapping pattern="debian-system-config-bindfs" type="AUTO_DETECTED" />
      <mapping pattern="tails-create-flatpak-runtime2" type="AUTO_DETECTED" />
      <mapping pattern="06-adduser_tails-gnome-settings" type="AUTO_DETECTED" />
      <mapping pattern="tails-persistent-storage" type="AUTO_DETECTED" />
      <mapping pattern="tails-gnome-settings-monitor" type="AUTO_DETECTED" />
      <mapping pattern="mount-single-file" type="AUTO_DETECTED" />
      <mapping pattern="zzz_choose-gnome-settings" type="AUTO_DETECTED" />
      <mapping pattern="unsafe-browser" type="AUTO_DETECTED" />
      <mapping pattern="run-in-netns" type="AUTO_DETECTED" />
      <mapping pattern="run-with-env" type="AUTO_DETECTED" />
      <mapping pattern="00-create-gnome-settings-file" type="AUTO_DETECTED" />
      <mapping pattern="tails-gnome-settings-handler" type="AUTO_DETECTED" />
      <mapping ext="rst" type="AUTO_DETECTED" />
      <mapping ext="gradle.kts" type="Kotlin" />
      <mapping ext="space.kts" type="Kotlin" />
      <mapping ext="main.kts" type="Kotlin" />
      <mapping ext="mdwn" type="Markdown" />
      <mapping ext="helper" type="PLAIN_TEXT" />
      <mapping ext="conf" type="PLAIN_TEXT" />
      <mapping ext="template" type="PLAIN_TEXT" />
      <mapping ext="ini" type="PLAIN_TEXT" />
      <mapping pattern="tails-replay-test-suite" type="Python" />
      <mapping pattern=".python_startup" type="Python" />
      <mapping ext="ui" type="XML" />
      <removed_mapping pattern="*" approved="true" type="AUTO_DETECTED" />
      <removed_mapping ext="apk" approved="true" type="ARCHIVE" />
      <removed_mapping ext="bash" approved="true" type="Shell Script" />
      <removed_mapping ext="mdwn" approved="true" type="AUTO_DETECTED" />
      <removed_mapping ext="psd" approved="true" type="Image" />
      <removed_mapping ext="sh" approved="true" type="Shell Script" />
      <removed_mapping ext="zsh" approved="true" type="Shell Script" />
      <removed_mapping pattern="config/*" approved="true" type="AUTO_DETECTED" />
      <removed_mapping pattern="mount-new-includes" approved="true" type="AUTO_DETECTED" />
      <removed_mapping pattern="mount-new-includes-to-squashfs" approved="true" type="AUTO_DETECTED" />
      <removed_mapping pattern="pidgin" approved="true" type="AUTO_DETECTED" />
      <removed_mapping pattern="rake" approved="true" type="AUTO_DETECTED" />
      <removed_mapping pattern="rake" approved="true" type="BashPro Shell Script" />
      <removed_mapping pattern="scripts/bin/rake" approved="true" type="BashPro Shell Script" />
      <removed_mapping pattern="test" approved="true" type="AUTO_DETECTED" />
      <removed_mapping pattern="thunderbird" approved="true" type="AUTO_DETECTED" />
      <removed_mapping pattern="thunderbird" approved="true" type="BashPro Shell Script" />
      <mapping pattern="*.ui.in" type="Qt UI file" />
      <mapping pattern="deploy" type="Binary File" />
    </extensionMap>
  </component>
</application>