<application>
  <component name="FileTypeManager" version="18">
    <ignoreFiles list="*$py.class;*.pyc;*.pyo;*.rbc;*.yarb;*~;.DS_Store;.git;.hg;.svn;CVS;__pycache__;_svn;vssver.scc;vssver2.scc" />
    <extensionMap>
      <mapping pattern="foo" type="AUTO_DETECTED" />
      <mapping pattern="mount-new-includes-to-flatpak-runtime" type="AUTO_DETECTED" />
      <mapping pattern="mount-projects-overlay" type="AUTO_DETECTED" />
      <mapping pattern="tails-create-flatpak-runtime2" type="AUTO_DETECTED" />
      <mapping pattern="netns-bus-proxy" type="AUTO_DETECTED" />
      <mapping pattern="tails-create-flatpak-runtime" type="AUTO_DETECTED" />
      <mapping pattern="mount-single-file" type="AUTO_DETECTED" />
      <mapping pattern="download-build-deps" type="AUTO_DETECTED" />
      <mapping pattern="unsafe-browser" type="AUTO_DETECTED" />
      <mapping pattern="tor-browser" type="AUTO_DETECTED" />
      <mapping pattern="tails-run-tor-browser-in-flatpak" type="AUTO_DETECTED" />
      <mapping pattern="deploy" type="Binary File" />
      <mapping pattern="*.ui.in" type="Qt UI file" />
      <removed_mapping pattern="*" approved="true" type="AUTO_DETECTED" />
      <removed_mapping ext="apk" approved="true" type="ARCHIVE" />
      <removed_mapping ext="bash" approved="true" type="Shell Script" />
      <removed_mapping ext="psd" approved="true" type="Image" />
      <removed_mapping ext="sh" approved="true" type="Shell Script" />
      <removed_mapping ext="zsh" approved="true" type="Shell Script" />
      <removed_mapping pattern="config/*" approved="true" type="AUTO_DETECTED" />
      <removed_mapping pattern="mount-new-includes" approved="true" type="AUTO_DETECTED" />
      <removed_mapping pattern="mount-new-includes-to-squashfs" approved="true" type="AUTO_DETECTED" />
      <removed_mapping pattern="pidgin" approved="true" type="AUTO_DETECTED" />
      <removed_mapping pattern="rake" approved="true" type="AUTO_DETECTED" />
      <removed_mapping pattern="rake" approved="true" type="BashPro Shell Script" />
      <removed_mapping pattern="scripts/bin/rake" approved="true" type="BashPro Shell Script" />
      <removed_mapping pattern="test" approved="true" type="AUTO_DETECTED" />
      <removed_mapping pattern="thunderbird" approved="true" type="AUTO_DETECTED" />
      <removed_mapping pattern="thunderbird" approved="true" type="BashPro Shell Script" />
      <mapping ext="gradle.kts" type="Kotlin" />
      <mapping ext="main.kts" type="Kotlin" />
      <mapping ext="space.kts" type="Kotlin" />
    </extensionMap>
  </component>
</application>