<application>
  <component name="FindSettings">
    <option name="customScope" value="Project Files" />
    <option name="defaultScopeName" value="Project Files" />
    <option name="localRegularExpressions" value="true" />
    <option name="regularExpressions" value="true" />
    <option name="REGULAR_EXPRESSIONS" value="true" />
    <option name="LOCAL_REGULAR_EXPRESSIONS" value="true" />
    <option name="SEARCH_SCOPE" value="Project Files" />
    <option name="FILE_MASK" value="!*.key,!*.pgp,!*.gpg,!*.po,!*.pot,!*.mdwn,!Changelog,!*.html,!*.ui,!squashfs.sort,!*.svg,!*.devhelp2,!*.xml,!*.symbols" />
    <mask>*.css</mask>
    <mask>*.html</mask>
    <mask>*.xml</mask>
    <mask>*.pyw</mask>
    <mask>*.py</mask>
    <mask>*.rb</mask>
    <mask>!*.po,!*.pot</mask>
    <mask>!*.po,!*.pot,!*.mdwn,!Changelog,!*.html,*.py</mask>
    <mask>!*.po,!*.pot,!*.mdwn,!Changelog,!*.html</mask>
    <mask>!*.key,!*.pgp,!*.gpg,!*.po,!*.pot,!*.mdwn,!Changelog,!*.html</mask>
    <mask>!*.key,!*.pgp,!*.gpg,!*.po,!*.pot,!*.mdwn,!Changelog,!*.html,!*.ui</mask>
    <mask>!*.key,!*.pgp,!*.gpg,!*.po,!*.pot,,!Changelog,!*.html,!*.ui,!squashfs.sort,!*.svg</mask>
    <mask>!*.key,!*.pgp,!*.gpg,!*.po,!*.pot,!*.mdwn,!Changelog,!*.html,!*.ui,!squashfs.sort,!*.svg,!*.json</mask>
    <mask>!*.key,!*.pgp,!*.gpg,!*.po,!*.pot,!*.mdwn,!Changelog,!*.html,!*.ui,!squashfs.sort,!*.svg</mask>
    <mask>!*.key,!*.pgp,!*.gpg,!*.po,!*.pot,!*.mdwn,!Changelog,!*.html,!*.ui,!squashfs.sort,!*.svg,!*.devhelp,!*.xml</mask>
    <mask>!*.key,!*.pgp,!*.gpg,!*.po,!*.pot,!*.mdwn,!Changelog,!*.html,!*.ui,!squashfs.sort,!*.svg,!*.devhelp2,!*.xml,!*.symbols</mask>
  </component>
</application>