<application>
  <component name="FindSettings">
    <option name="customScope" value="All Places" />
    <option name="defaultScopeName" value="All Places" />
    <option name="localRegularExpressions" value="true" />
    <option name="LOCAL_REGULAR_EXPRESSIONS" value="true" />
    <option name="SEARCH_SCOPE" value="All Places" />
    <option name="FILE_MASK" value="!*.po,!*.pot,!*.mdwn,!Changelog,!*.html" />
    <mask>*.css</mask>
    <mask>*.html</mask>
    <mask>*.xml</mask>
    <mask>*.pyw</mask>
    <mask>*.py</mask>
    <mask>*.rb</mask>
    <mask>!*.po,!*.pot</mask>
    <mask>!*.po,!*.pot,!*.mdwn,!Changelog,!*.html,*.py</mask>
    <mask>!*.po,!*.pot,!*.mdwn,!Changelog,!*.html</mask>
  </component>
</application>