<application>
  <component name="ProjectJdkTable">
    <jdk version="2">
      <name value="Python 3.11" />
      <type value="Python SDK" />
      <version value="Python 3.11.1" />
      <homePath value="/run/host/usr/bin/python3.11" />
      <roots>
        <annotationsPath>
          <root type="composite" />
        </annotationsPath>
        <classPath>
          <root type="composite">
            <root url="file:///run/host/usr/lib/python3.11" type="simple" />
            <root url="file:///run/host/usr/lib/python3.11/lib-dynload" type="simple" />
            <root url="file:///run/host/usr/lib/python3/dist-packages" type="simple" />
            <root url="file:///run/host/usr/lib/python3.11/dist-packages" type="simple" />
            <root url="file://$USER_HOME$/.var/app/com.jetbrains.IntelliJ-IDEA-Ultimate/cache/JetBrains/IntelliJIdea2022.3/python_stubs/-1172960466" type="simple" />
            <root url="file://$APPLICATION_PLUGINS_DIR$/python/helpers/python-skeletons" type="simple" />
            <root url="file://$APPLICATION_PLUGINS_DIR$/python/helpers/typeshed/stdlib" type="simple" />
            <root url="file://$APPLICATION_PLUGINS_DIR$/python/helpers/typeshed/stubs/six" type="simple" />
            <root url="file://$APPLICATION_PLUGINS_DIR$/python/helpers/typeshed/stubs/boto" type="simple" />
            <root url="file://$APPLICATION_PLUGINS_DIR$/python/helpers/typeshed/stubs/mock" type="simple" />
            <root url="file://$APPLICATION_PLUGINS_DIR$/python/helpers/typeshed/stubs/pytz" type="simple" />
            <root url="file://$APPLICATION_PLUGINS_DIR$/python/helpers/typeshed/stubs/toml" type="simple" />
            <root url="file://$APPLICATION_PLUGINS_DIR$/python/helpers/typeshed/stubs/annoy" type="simple" />
            <root url="file://$APPLICATION_PLUGINS_DIR$/python/helpers/typeshed/stubs/babel" type="simple" />
            <root url="file://$APPLICATION_PLUGINS_DIR$/python/helpers/typeshed/stubs/emoji" type="simple" />
            <root url="file://$APPLICATION_PLUGINS_DIR$/python/helpers/typeshed/stubs/first" type="simple" />
            <root url="file://$APPLICATION_PLUGINS_DIR$/python/helpers/typeshed/stubs/fpdf2" type="simple" />
            <root url="file://$APPLICATION_PLUGINS_DIR$/python/helpers/typeshed/stubs/ldap3" type="simple" />
            <root url="file://$APPLICATION_PLUGINS_DIR$/python/helpers/typeshed/stubs/polib" type="simple" />
            <root url="file://$APPLICATION_PLUGINS_DIR$/python/helpers/typeshed/stubs/redis" type="simple" />
            <root url="file://$APPLICATION_PLUGINS_DIR$/python/helpers/typeshed/stubs/regex" type="simple" />
            <root url="file://$APPLICATION_PLUGINS_DIR$/python/helpers/typeshed/stubs/retry" type="simple" />
            <root url="file://$APPLICATION_PLUGINS_DIR$/python/helpers/typeshed/stubs/ujson" type="simple" />
            <root url="file://$APPLICATION_PLUGINS_DIR$/python/helpers/typeshed/stubs/Pillow" type="simple" />
            <root url="file://$APPLICATION_PLUGINS_DIR$/python/helpers/typeshed/stubs/PyYAML" type="simple" />
            <root url="file://$APPLICATION_PLUGINS_DIR$/python/helpers/typeshed/stubs/bleach" type="simple" />
            <root url="file://$APPLICATION_PLUGINS_DIR$/python/helpers/typeshed/stubs/caldav" type="simple" />
            <root url="file://$APPLICATION_PLUGINS_DIR$/python/helpers/typeshed/stubs/docopt" type="simple" />
            <root url="file://$APPLICATION_PLUGINS_DIR$/python/helpers/typeshed/stubs/hdbcli" type="simple" />
            <root url="file://$APPLICATION_PLUGINS_DIR$/python/helpers/typeshed/stubs/invoke" type="simple" />
            <root url="file://$APPLICATION_PLUGINS_DIR$/python/helpers/typeshed/stubs/passpy" type="simple" />
            <root url="file://$APPLICATION_PLUGINS_DIR$/python/helpers/typeshed/stubs/psutil" type="simple" />
            <root url="file://$APPLICATION_PLUGINS_DIR$/python/helpers/typeshed/stubs/pycurl" type="simple" />
            <root url="file://$APPLICATION_PLUGINS_DIR$/python/helpers/typeshed/stubs/pynput" type="simple" />
            <root url="file://$APPLICATION_PLUGINS_DIR$/python/helpers/typeshed/stubs/pysftp" type="simple" />
            <root url="file://$APPLICATION_PLUGINS_DIR$/python/helpers/typeshed/stubs/stripe" type="simple" />
            <root url="file://$APPLICATION_PLUGINS_DIR$/python/helpers/typeshed/stubs/xxhash" type="simple" />
            <root url="file://$APPLICATION_PLUGINS_DIR$/python/helpers/typeshed/stubs/PyMySQL" type="simple" />
            <root url="file://$APPLICATION_PLUGINS_DIR$/python/helpers/typeshed/stubs/appdirs" type="simple" />
            <root url="file://$APPLICATION_PLUGINS_DIR$/python/helpers/typeshed/stubs/certifi" type="simple" />
            <root url="file://$APPLICATION_PLUGINS_DIR$/python/helpers/typeshed/stubs/chardet" type="simple" />
            <root url="file://$APPLICATION_PLUGINS_DIR$/python/helpers/typeshed/stubs/chevron" type="simple" />
            <root url="file://$APPLICATION_PLUGINS_DIR$/python/helpers/typeshed/stubs/passlib" type="simple" />
            <root url="file://$APPLICATION_PLUGINS_DIR$/python/helpers/typeshed/stubs/pyaudio" type="simple" />
            <root url="file://$APPLICATION_PLUGINS_DIR$/python/helpers/typeshed/stubs/pyvmomi" type="simple" />
            <root url="file://$APPLICATION_PLUGINS_DIR$/python/helpers/typeshed/stubs/slumber" type="simple" />
            <root url="file://$APPLICATION_PLUGINS_DIR$/python/helpers/typeshed/stubs/tzlocal" type="simple" />
            <root url="file://$APPLICATION_PLUGINS_DIR$/python/helpers/typeshed/stubs/urllib3" type="simple" />
            <root url="file://$APPLICATION_PLUGINS_DIR$/python/helpers/typeshed/stubs/vobject" type="simple" />
            <root url="file://$APPLICATION_PLUGINS_DIR$/python/helpers/typeshed/stubs/Markdown" type="simple" />
            <root url="file://$APPLICATION_PLUGINS_DIR$/python/helpers/typeshed/stubs/Pygments" type="simple" />
            <root url="file://$APPLICATION_PLUGINS_DIR$/python/helpers/typeshed/stubs/aiofiles" type="simple" />
            <root url="file://$APPLICATION_PLUGINS_DIR$/python/helpers/typeshed/stubs/colorama" type="simple" />
            <root url="file://$APPLICATION_PLUGINS_DIR$/python/helpers/typeshed/stubs/croniter" type="simple" />
            <root url="file://$APPLICATION_PLUGINS_DIR$/python/helpers/typeshed/stubs/docutils" type="simple" />
            <root url="file://$APPLICATION_PLUGINS_DIR$/python/helpers/typeshed/stubs/filelock" type="simple" />
            <root url="file://$APPLICATION_PLUGINS_DIR$/python/helpers/typeshed/stubs/html5lib" type="simple" />
            <root url="file://$APPLICATION_PLUGINS_DIR$/python/helpers/typeshed/stubs/httplib2" type="simple" />
            <root url="file://$APPLICATION_PLUGINS_DIR$/python/helpers/typeshed/stubs/jmespath" type="simple" />
            <root url="file://$APPLICATION_PLUGINS_DIR$/python/helpers/typeshed/stubs/oauthlib" type="simple" />
            <root url="file://$APPLICATION_PLUGINS_DIR$/python/helpers/typeshed/stubs/openpyxl" type="simple" />
            <root url="file://$APPLICATION_PLUGINS_DIR$/python/helpers/typeshed/stubs/paramiko" type="simple" />
            <root url="file://$APPLICATION_PLUGINS_DIR$/python/helpers/typeshed/stubs/psycopg2" type="simple" />
            <root url="file://$APPLICATION_PLUGINS_DIR$/python/helpers/typeshed/stubs/pyflakes" type="simple" />
            <root url="file://$APPLICATION_PLUGINS_DIR$/python/helpers/typeshed/stubs/requests" type="simple" />
            <root url="file://$APPLICATION_PLUGINS_DIR$/python/helpers/typeshed/stubs/selenium" type="simple" />
            <root url="file://$APPLICATION_PLUGINS_DIR$/python/helpers/typeshed/stubs/tabulate" type="simple" />
            <root url="file://$APPLICATION_PLUGINS_DIR$/python/helpers/typeshed/stubs/toposort" type="simple" />
            <root url="file://$APPLICATION_PLUGINS_DIR$/python/helpers/typeshed/stubs/waitress" type="simple" />
            <root url="file://$APPLICATION_PLUGINS_DIR$/python/helpers/typeshed/stubs/braintree" type="simple" />
            <root url="file://$APPLICATION_PLUGINS_DIR$/python/helpers/typeshed/stubs/decorator" type="simple" />
            <root url="file://$APPLICATION_PLUGINS_DIR$/python/helpers/typeshed/stubs/freezegun" type="simple" />
            <root url="file://$APPLICATION_PLUGINS_DIR$/python/helpers/typeshed/stubs/playsound" type="simple" />
            <root url="file://$APPLICATION_PLUGINS_DIR$/python/helpers/typeshed/stubs/pyOpenSSL" type="simple" />
            <root url="file://$APPLICATION_PLUGINS_DIR$/python/helpers/typeshed/stubs/pyRFC3339" type="simple" />
            <root url="file://$APPLICATION_PLUGINS_DIR$/python/helpers/typeshed/stubs/termcolor" type="simple" />
            <root url="file://$APPLICATION_PLUGINS_DIR$/python/helpers/typeshed/stubs/ttkthemes" type="simple" />
            <root url="file://$APPLICATION_PLUGINS_DIR$/python/helpers/typeshed/stubs/typed-ast" type="simple" />
            <root url="file://$APPLICATION_PLUGINS_DIR$/python/helpers/typeshed/stubs/xmltodict" type="simple" />
            <root url="file://$APPLICATION_PLUGINS_DIR$/python/helpers/typeshed/stubs/Deprecated" type="simple" />
            <root url="file://$APPLICATION_PLUGINS_DIR$/python/helpers/typeshed/stubs/Flask-Cors" type="simple" />
            <root url="file://$APPLICATION_PLUGINS_DIR$/python/helpers/typeshed/stubs/SQLAlchemy" type="simple" />
            <root url="file://$APPLICATION_PLUGINS_DIR$/python/helpers/typeshed/stubs/Send2Trash" type="simple" />
            <root url="file://$APPLICATION_PLUGINS_DIR$/python/helpers/typeshed/stubs/cachetools" type="simple" />
            <root url="file://$APPLICATION_PLUGINS_DIR$/python/helpers/typeshed/stubs/commonmark" type="simple" />
            <root url="file://$APPLICATION_PLUGINS_DIR$/python/helpers/typeshed/stubs/dateparser" type="simple" />
            <root url="file://$APPLICATION_PLUGINS_DIR$/python/helpers/typeshed/stubs/frozendict" type="simple" />
            <root url="file://$APPLICATION_PLUGINS_DIR$/python/helpers/typeshed/stubs/jsonschema" type="simple" />
            <root url="file://$APPLICATION_PLUGINS_DIR$/python/helpers/typeshed/stubs/pyfarmhash" type="simple" />
            <root url="file://$APPLICATION_PLUGINS_DIR$/python/helpers/typeshed/stubs/setuptools" type="simple" />
            <root url="file://$APPLICATION_PLUGINS_DIR$/python/helpers/typeshed/stubs/simplejson" type="simple" />
            <root url="file://$APPLICATION_PLUGINS_DIR$/python/helpers/typeshed/stubs/JACK-Client" type="simple" />
            <root url="file://$APPLICATION_PLUGINS_DIR$/python/helpers/typeshed/stubs/contextvars" type="simple" />
            <root url="file://$APPLICATION_PLUGINS_DIR$/python/helpers/typeshed/stubs/dataclasses" type="simple" />
            <root url="file://$APPLICATION_PLUGINS_DIR$/python/helpers/typeshed/stubs/entrypoints" type="simple" />
            <root url="file://$APPLICATION_PLUGINS_DIR$/python/helpers/typeshed/stubs/flake8-2020" type="simple" />
            <root url="file://$APPLICATION_PLUGINS_DIR$/python/helpers/typeshed/stubs/mysqlclient" type="simple" />
            <root url="file://$APPLICATION_PLUGINS_DIR$/python/helpers/typeshed/stubs/opentracing" type="simple" />
            <root url="file://$APPLICATION_PLUGINS_DIR$/python/helpers/typeshed/stubs/pep8-naming" type="simple" />
            <root url="file://$APPLICATION_PLUGINS_DIR$/python/helpers/typeshed/stubs/prettytable" type="simple" />
            <root url="file://$APPLICATION_PLUGINS_DIR$/python/helpers/typeshed/stubs/python-jose" type="simple" />
            <root url="file://$APPLICATION_PLUGINS_DIR$/python/helpers/typeshed/stubs/python-nmap" type="simple" />
            <root url="file://$APPLICATION_PLUGINS_DIR$/python/helpers/typeshed/stubs/stdlib-list" type="simple" />
            <root url="file://$APPLICATION_PLUGINS_DIR$/python/helpers/typeshed/stubs/atomicwrites" type="simple" />
            <root url="file://$APPLICATION_PLUGINS_DIR$/python/helpers/typeshed/stubs/aws-xray-sdk" type="simple" />
            <root url="file://$APPLICATION_PLUGINS_DIR$/python/helpers/typeshed/stubs/cryptography" type="simple" />
            <root url="file://$APPLICATION_PLUGINS_DIR$/python/helpers/typeshed/stubs/editdistance" type="simple" />
            <root url="file://$APPLICATION_PLUGINS_DIR$/python/helpers/typeshed/stubs/parsimonious" type="simple" />
            <root url="file://$APPLICATION_PLUGINS_DIR$/python/helpers/typeshed/stubs/whatthepatch" type="simple" />
            <root url="file://$APPLICATION_PLUGINS_DIR$/python/helpers/typeshed/stubs/DateTimeRange" type="simple" />
            <root url="file://$APPLICATION_PLUGINS_DIR$/python/helpers/typeshed/stubs/click-spinner" type="simple" />
            <root url="file://$APPLICATION_PLUGINS_DIR$/python/helpers/typeshed/stubs/humanfriendly" type="simple" />
            <root url="file://$APPLICATION_PLUGINS_DIR$/python/helpers/typeshed/stubs/python-gflags" type="simple" />
            <root url="file://$APPLICATION_PLUGINS_DIR$/python/helpers/typeshed/stubs/beautifulsoup4" type="simple" />
            <root url="file://$APPLICATION_PLUGINS_DIR$/python/helpers/typeshed/stubs/characteristic" type="simple" />
            <root url="file://$APPLICATION_PLUGINS_DIR$/python/helpers/typeshed/stubs/flake8-bugbear" type="simple" />
            <root url="file://$APPLICATION_PLUGINS_DIR$/python/helpers/typeshed/stubs/python-slugify" type="simple" />
            <root url="file://$APPLICATION_PLUGINS_DIR$/python/helpers/typeshed/stubs/singledispatch" type="simple" />
            <root url="file://$APPLICATION_PLUGINS_DIR$/python/helpers/typeshed/stubs/flake8-builtins" type="simple" />
            <root url="file://$APPLICATION_PLUGINS_DIR$/python/helpers/typeshed/stubs/flake8-simplify" type="simple" />
            <root url="file://$APPLICATION_PLUGINS_DIR$/python/helpers/typeshed/stubs/mypy-extensions" type="simple" />
            <root url="file://$APPLICATION_PLUGINS_DIR$/python/helpers/typeshed/stubs/python-dateutil" type="simple" />
            <root url="file://$APPLICATION_PLUGINS_DIR$/python/helpers/typeshed/stubs/Flask-SQLAlchemy" type="simple" />
            <root url="file://$APPLICATION_PLUGINS_DIR$/python/helpers/typeshed/stubs/flake8-docstrings" type="simple" />
            <root url="file://$APPLICATION_PLUGINS_DIR$/python/helpers/typeshed/stubs/flake8-plugin-utils" type="simple" />
            <root url="file://$APPLICATION_PLUGINS_DIR$/python/helpers/typeshed/stubs/pytest-lazy-fixture" type="simple" />
            <root url="file://$APPLICATION_PLUGINS_DIR$/python/helpers/typeshed/stubs/flake8-rst-docstrings" type="simple" />
            <root url="file://$APPLICATION_PLUGINS_DIR$/python/helpers/typeshed/stubs/flake8-typing-imports" type="simple" />
            <root url="file://$APPLICATION_PLUGINS_DIR$/python/helpers/typeshed/stubs/backports.ssl_match_hostname" type="simple" />
          </root>
        </classPath>
        <javadocPath>
          <root type="composite" />
        </javadocPath>
        <sourcePath>
          <root type="composite" />
        </sourcePath>
      </roots>
      <additional SDK_UUID="02a71ca7-50f3-4c21-97c4-0a82196a3def">
        <setting name="FLAVOR_ID" value="UnixPythonSdkFlavor" />
        <setting name="FLAVOR_DATA" value="{}" />
      </additional>
    </jdk>
    <jdk version="2">
      <name value="ruby-3.1.2-p20" />
      <type value="RUBY_SDK" />
      <version value="ver.3.1.2p20 ( revision 4491bb740a) p20" />
      <homePath value="/usr/bin/ruby" />
      <roots>
        <annotationsPath>
          <root type="composite" />
        </annotationsPath>
        <classPath>
          <root type="composite">
            <root url="file:///usr/lib/x86_64-linux-gnu/ruby/site_ruby/3.1.0" type="simple" />
            <root url="file:///usr/lib/x86_64-linux-gnu/ruby/site_ruby/3.1.0/x86_64-linux" type="simple" />
            <root url="file:///usr/lib/x86_64-linux-gnu/ruby/site_ruby" type="simple" />
            <root url="file:///usr/lib/x86_64-linux-gnu/ruby/vendor_ruby/3.1.0" type="simple" />
            <root url="file:///usr/lib/x86_64-linux-gnu/ruby/vendor_ruby/3.1.0/x86_64-linux" type="simple" />
            <root url="file:///usr/lib/x86_64-linux-gnu/ruby/vendor_ruby" type="simple" />
            <root url="file:///usr/lib/x86_64-linux-gnu/ruby/3.1.0" type="simple" />
            <root url="file:///usr/lib/x86_64-linux-gnu/ruby/3.1.0/x86_64-linux" type="simple" />
            <root url="file://$APPLICATION_PLUGINS_DIR$/ruby/rubystubs/rubystubs31" type="simple" />
          </root>
        </classPath>
        <javadocPath>
          <root type="composite" />
        </javadocPath>
        <sourcePath>
          <root type="composite">
            <root url="file:///usr/lib/x86_64-linux-gnu/ruby/site_ruby/3.1.0" type="simple" />
            <root url="file:///usr/lib/x86_64-linux-gnu/ruby/site_ruby/3.1.0/x86_64-linux" type="simple" />
            <root url="file:///usr/lib/x86_64-linux-gnu/ruby/site_ruby" type="simple" />
            <root url="file:///usr/lib/x86_64-linux-gnu/ruby/vendor_ruby/3.1.0" type="simple" />
            <root url="file:///usr/lib/x86_64-linux-gnu/ruby/vendor_ruby/3.1.0/x86_64-linux" type="simple" />
            <root url="file:///usr/lib/x86_64-linux-gnu/ruby/vendor_ruby" type="simple" />
            <root url="file:///usr/lib/x86_64-linux-gnu/ruby/3.1.0" type="simple" />
            <root url="file:///usr/lib/x86_64-linux-gnu/ruby/3.1.0/x86_64-linux" type="simple" />
            <root url="file://$APPLICATION_PLUGINS_DIR$/ruby/rubystubs/rubystubs31" type="simple" />
          </root>
        </sourcePath>
      </roots>
      <additional NORMALIZED_VERSION_STRING="ver.3.1.2p20 ( revision 4491bb740a) p20" version="1" GEMS_BIN_DIR_PATH="/usr/bin">
        <VERSION_MANAGER ID="system">
          <custom-configurator>
            <list />
          </custom-configurator>
        </VERSION_MANAGER>
        <RbConfig>
          <item key="AR" value="x86_64-unknown-linux-gnu-gcc-ar" />
          <item key="ARFLAGS" value="rcD " />
          <item key="AS" value="as" />
          <item key="ASMEXT" value="S" />
          <item key="BUILTIN_TRANSSRCS" value=" enc/trans/newline.c" />
          <item key="CC" value="x86_64-unknown-linux-gnu-gcc" />
          <item key="CCDLFLAGS" value="-fPIC" />
          <item key="CC_VERSION" value="x86_64-unknown-linux-gnu-gcc --version" />
          <item key="CC_VERSION_MESSAGE" value="x86_64-unknown-linux-gnu-gcc (GCC) 12.1.0&#10;Copyright (C) 2022 Free Software Foundation, Inc.&#10;This is free software; see the source for copying conditions.  There is NO&#10;warranty; not even for MERCHANTABILITY or FITNESS FOR A PARTICULAR PURPOSE." />
          <item key="CFLAGS" value="-O2 -g -pipe -Wp,-D_FORTIFY_SOURCE=2 -Wp,-D_GLIBCXX_ASSERTIONS -fexceptions -fstack-protector-strong -grecord-gcc-switches -fasynchronous-unwind-tables -fstack-clash-protection -fcf-protection -fno-omit-frame-pointer  -fPIC" />
          <item key="CHDIR" value="cd -P" />
          <item key="CONFIGURE" value="configure" />
          <item key="COUTFLAG" value="-o " />
          <item key="CP" value="cp" />
          <item key="CPP" value="x86_64-unknown-linux-gnu-gcc -E" />
          <item key="CPPFLAGS" value="  " />
          <item key="CPPOUTFILE" value="-o conftest.i" />
          <item key="CROSS_COMPILING" value="no" />
          <item key="CXX" value="x86_64-unknown-linux-gnu-g++" />
          <item key="CXXFLAGS" value="-O2 -g -pipe -Wp,-D_FORTIFY_SOURCE=2 -Wp,-D_GLIBCXX_ASSERTIONS -fexceptions -fstack-protector-strong -grecord-gcc-switches -fasynchronous-unwind-tables -fstack-clash-protection -fcf-protection -fno-omit-frame-pointer " />
          <item key="DLDFLAGS" value="-Wl,-z,relro,-z,now -Wl,--as-needed " />
          <item key="DLDLIBS" value="-lc" />
          <item key="DLDSHARED" value="x86_64-unknown-linux-gnu-gcc -shared" />
          <item key="DLEXT" value="so" />
          <item key="DLNOBJ" value="dln.o" />
          <item key="ECHO_N" value="-n" />
          <item key="EGREP" value="/usr/bin/grep -E" />
          <item key="ENABLE_SHARED" value="yes" />
          <item key="EXTOUT" value=".ext" />
          <item key="GCC" value="yes" />
          <item key="GIT" value="git" />
          <item key="GNU_LD" value="yes" />
          <item key="GREP" value="/usr/bin/grep" />
          <item key="HAVE_GIT" value="no" />
          <item key="INSTALL" value="/usr/bin/install -c" />
          <item key="INSTALL_DATA" value="/usr/bin/install -c -m 644" />
          <item key="INSTALL_PROGRAM" value="/usr/bin/install -c" />
          <item key="INSTALL_SCRIPT" value="/usr/bin/install -c" />
          <item key="INSTALL_STATIC_LIBRARY" value="no" />
          <item key="LD" value="ld" />
          <item key="LDFLAGS" value="-L. -Wl,-z,relro,-z,now -Wl,--as-needed  -fstack-protector-strong -rdynamic -Wl,-export-dynamic -Wl,--no-as-needed" />
          <item key="LDSHARED" value="x86_64-unknown-linux-gnu-gcc -shared" />
          <item key="LDSHAREDXX" value="x86_64-unknown-linux-gnu-g++ -shared" />
          <item key="LIBEXT" value="a" />
          <item key="LIBPATHENV" value="LD_LIBRARY_PATH" />
          <item key="LIBPATHFLAG" value=" -L%s" />
          <item key="LIBRUBY" value="libruby.so.3.1.2" />
          <item key="LIBRUBYARG" value="-lruby" />
          <item key="LIBRUBYARG_SHARED" value="-lruby" />
          <item key="LIBRUBYARG_STATIC" value="-lruby-static -lz -lpthread -lrt -lrt -ldl -lcrypt -lm " />
          <item key="LIBRUBY_A" value="libruby-static.a" />
          <item key="LIBRUBY_ALIASES" value="libruby.so.3.1 libruby.so" />
          <item key="LIBRUBY_RELATIVE" value="no" />
          <item key="LIBRUBY_SO" value="libruby.so.3.1.2" />
          <item key="LIBRUBY_SONAME" value="libruby.so.3.1" />
          <item key="LIBS" value="-lm " />
          <item key="LN_S" value="ln -s" />
          <item key="MAINLIBS" value="-lz -lpthread -lrt -lrt -ldl -lcrypt -lm " />
          <item key="MAJOR" value="3" />
          <item key="MAKEDIRS" value="/usr/bin/mkdir -p" />
          <item key="MAKEFILES" value="Makefile GNUmakefile" />
          <item key="MANTYPE" value="man" />
          <item key="MINOR" value="1" />
          <item key="MJIT_CC" value="/usr/bin/x86_64-unknown-linux-gnu-gcc" />
          <item key="MJIT_SUPPORT" value="yes" />
          <item key="MKDIR_P" value="/usr/bin/mkdir -p" />
          <item key="NM" value="x86_64-unknown-linux-gnu-gcc-nm" />
          <item key="NULLCMD" value=":" />
          <item key="OBJCOPY" value=":" />
          <item key="OBJDUMP" value="objdump" />
          <item key="OBJEXT" value="o" />
          <item key="OUTFLAG" value="-o " />
          <item key="PACKAGE" value="ruby" />
          <item key="PATCHLEVEL" value="20" />
          <item key="PATH_SEPARATOR" value=":" />
          <item key="PKG_CONFIG" value="pkg-config" />
          <item key="POSTLINK" value=":" />
          <item key="PRELOADENV" value="LD_PRELOAD" />
          <item key="PREP" value="miniruby" />
          <item key="RANLIB" value="x86_64-unknown-linux-gnu-gcc-ranlib" />
          <item key="RI_BASE_NAME" value="ri" />
          <item key="RM" value="rm -f" />
          <item key="RMALL" value="rm -fr" />
          <item key="RMDIR" value="rmdir --ignore-fail-on-non-empty" />
          <item key="RMDIRS" value="rmdir --ignore-fail-on-non-empty -p" />
          <item key="RUBYW_BASE_NAME" value="rubyw" />
          <item key="RUBY_API_VERSION" value="3.1" />
          <item key="RUBY_BASE_NAME" value="ruby" />
          <item key="RUBY_EXEC_PREFIX" value="/usr" />
          <item key="RUBY_INSTALL_NAME" value="ruby" />
          <item key="RUBY_LIB_VERSION_STYLE" value="3&#9;/* full */" />
          <item key="RUBY_PROGRAM_VERSION" value="3.1.2" />
          <item key="RUBY_SO_NAME" value="ruby" />
          <item key="RUBY_VERSION_NAME" value="ruby-3.1.0" />
          <item key="SHELL" value="/bin/sh" />
          <item key="SOEXT" value="so" />
          <item key="SOLIBS" value="-lz -lpthread -lrt -lrt -ldl -lcrypt -lm " />
          <item key="STRIP" value="strip -S -x" />
          <item key="TEENY" value="2" />
          <item key="TEST_RUNNABLE" value="yes" />
          <item key="THREAD_MODEL" value="pthread" />
          <item key="UNICODE_EMOJI_VERSION" value="13.1" />
          <item key="UNICODE_VERSION" value="13.0.0" />
          <item key="WERRORFLAG" value="-Werror" />
          <item key="arch" value="x86_64-linux" />
          <item key="archdir" value="/usr/lib/x86_64-linux-gnu/ruby/3.1.0/x86_64-linux" />
          <item key="archincludedir" value="/usr/include/x86_64-linux" />
          <item key="archlibdir" value="/usr/lib/x86_64-linux-gnu/x86_64-linux" />
          <item key="bindir" value="/usr/bin" />
          <item key="build" value="x86_64-unknown-linux-gnu" />
          <item key="build_alias" value="x86_64-unknown-linux-gnu" />
          <item key="build_cpu" value="x86_64" />
          <item key="build_os" value="linux-gnu" />
          <item key="build_vendor" value="unknown" />
          <item key="cflags" value="-O3 -fno-fast-math -ggdb3 -Wall -Wextra -Wdeprecated-declarations -Wduplicated-cond -Wimplicit-function-declaration -Wimplicit-int -Wmisleading-indentation -Wpointer-arith -Wwrite-strings -Wimplicit-fallthrough=0 -Wmissing-noreturn -Wno-cast-function-type -Wno-constant-logical-operand -Wno-long-long -Wno-missing-field-initializers -Wno-overlength-strings -Wno-packed-bitfield-compat -Wno-parentheses-equality -Wno-self-assign -Wno-tautological-compare -Wno-unused-parameter -Wno-unused-value -Wsuggest-attribute=format -Wsuggest-attribute=noreturn -Wunused-variable -Wundef" />
          <item key="configure_args" value=" '--prefix=/usr' '--exec-prefix=/usr' '--bindir=/usr/bin' '--sbindir=/usr/bin' '--sysconfdir=/etc' '--datadir=/usr/share' '--includedir=/usr/include' '--libdir=/usr/lib/x86_64-linux-gnu' '--libexecdir=/usr/libexec' '--localstatedir=/var' '--sharedstatedir=/usr/com' '--mandir=/usr/share/man' '--infodir=/usr/share/info' '--enable-deterministic-archives' '--enable-shared' '--disable-static' '--build=x86_64-unknown-linux-gnu' '--host=x86_64-unknown-linux-gnu' 'lt_cv_sys_lib_dlsearch_path_spec=/usr/lib/x86_64-linux-gnu' '--enable-pthread' '--enable-ipv6' '--with-compress-debug-sections=no' '--disable-rpath' 'build_alias=x86_64-unknown-linux-gnu' 'host_alias=x86_64-unknown-linux-gnu' 'CFLAGS=-O2 -g -pipe -Wp,-D_FORTIFY_SOURCE=2 -Wp,-D_GLIBCXX_ASSERTIONS -fexceptions -fstack-protector-strong -grecord-gcc-switches -fasynchronous-unwind-tables -fstack-clash-protection -fcf-protection -fno-omit-frame-pointer ' 'LDFLAGS=-Wl,-z,relro,-z,now -Wl,--as-needed ' 'CXXFLAGS=-O2 -g -pipe -Wp,-D_FORTIFY_SOURCE=2 -Wp,-D_GLIBCXX_ASSERTIONS -fexceptions -fstack-protector-strong -grecord-gcc-switches -fasynchronous-unwind-tables -fstack-clash-protection -fcf-protection -fno-omit-frame-pointer '" />
          <item key="datadir" value="/usr/share" />
          <item key="datarootdir" value="/usr/share" />
          <item key="debugflags" value="-ggdb3" />
          <item key="docdir" value="/usr/share/doc/ruby" />
          <item key="dvidir" value="/usr/share/doc/ruby" />
          <item key="exec" value="exec" />
          <item key="exec_prefix" value="/usr" />
          <item key="host" value="x86_64-unknown-linux-gnu" />
          <item key="host_cpu" value="x86_64" />
          <item key="host_os" value="linux" />
          <item key="host_vendor" value="unknown" />
          <item key="htmldir" value="/usr/share/doc/ruby" />
          <item key="includedir" value="/usr/include" />
          <item key="infodir" value="/usr/share/info" />
          <item key="libdir" value="/usr/lib/x86_64-linux-gnu" />
          <item key="libdirname" value="libdir" />
          <item key="libexecdir" value="/usr/libexec" />
          <item key="localedir" value="/usr/share/locale" />
          <item key="localstatedir" value="/var" />
          <item key="mandir" value="/usr/share/man" />
          <item key="oldincludedir" value="/usr/include" />
          <item key="optflags" value="-O3 -fno-fast-math" />
          <item key="pdfdir" value="/usr/share/doc/ruby" />
          <item key="platform" value="x86_64-linux" />
          <item key="prefix" value="/usr" />
          <item key="psdir" value="/usr/share/doc/ruby" />
          <item key="ridir" value="/usr/share/ri" />
          <item key="ruby_install_name" value="ruby" />
          <item key="ruby_pc" value="ruby-3.1.pc" />
          <item key="ruby_version" value="3.1.0" />
          <item key="rubyarchdir" value="/usr/lib/x86_64-linux-gnu/ruby/3.1.0/x86_64-linux" />
          <item key="rubyarchhdrdir" value="/usr/include/ruby-3.1.0/x86_64-linux" />
          <item key="rubyarchprefix" value="/usr/lib/x86_64-linux-gnu/ruby/x86_64-linux" />
          <item key="rubyhdrdir" value="/usr/include/ruby-3.1.0" />
          <item key="rubylibdir" value="/usr/lib/x86_64-linux-gnu/ruby/3.1.0" />
          <item key="rubylibprefix" value="/usr/lib/x86_64-linux-gnu/ruby" />
          <item key="rubysitearchprefix" value="/usr/lib/x86_64-linux-gnu/ruby/x86_64-linux" />
          <item key="runstatedir" value="/var/run" />
          <item key="sbindir" value="/usr/bin" />
          <item key="setup" value="Setup" />
          <item key="sharedstatedir" value="/usr/com" />
          <item key="sitearch" value="x86_64-linux" />
          <item key="sitearchdir" value="/usr/lib/x86_64-linux-gnu/ruby/site_ruby/3.1.0/x86_64-linux" />
          <item key="sitearchhdrdir" value="/usr/include/ruby-3.1.0/site_ruby/x86_64-linux" />
          <item key="sitearchincludedir" value="/usr/include/x86_64-linux" />
          <item key="sitearchlibdir" value="/usr/lib/x86_64-linux-gnu/x86_64-linux" />
          <item key="sitedir" value="/usr/lib/x86_64-linux-gnu/ruby/site_ruby" />
          <item key="sitehdrdir" value="/usr/include/ruby-3.1.0/site_ruby" />
          <item key="sitelibdir" value="/usr/lib/x86_64-linux-gnu/ruby/site_ruby/3.1.0" />
          <item key="strict_warnflags" value="-std=gnu99" />
          <item key="sysconfdir" value="/etc" />
          <item key="target" value="x86_64-unknown-linux-gnu" />
          <item key="target_cpu" value="x86_64" />
          <item key="target_os" value="linux" />
          <item key="target_vendor" value="unknown" />
          <item key="topdir" value="/usr/lib/x86_64-linux-gnu/ruby/3.1.0/x86_64-linux" />
          <item key="vendorarchdir" value="/usr/lib/x86_64-linux-gnu/ruby/vendor_ruby/3.1.0/x86_64-linux" />
          <item key="vendorarchhdrdir" value="/usr/include/ruby-3.1.0/vendor_ruby/x86_64-linux" />
          <item key="vendordir" value="/usr/lib/x86_64-linux-gnu/ruby/vendor_ruby" />
          <item key="vendorhdrdir" value="/usr/include/ruby-3.1.0/vendor_ruby" />
          <item key="vendorlibdir" value="/usr/lib/x86_64-linux-gnu/ruby/vendor_ruby/3.1.0" />
          <item key="warnflags" value="-Wall -Wextra -Wdeprecated-declarations -Wduplicated-cond -Wimplicit-function-declaration -Wimplicit-int -Wmisleading-indentation -Wpointer-arith -Wwrite-strings -Wimplicit-fallthrough=0 -Wmissing-noreturn -Wno-cast-function-type -Wno-constant-logical-operand -Wno-long-long -Wno-missing-field-initializers -Wno-overlength-strings -Wno-packed-bitfield-compat -Wno-parentheses-equality -Wno-self-assign -Wno-tautological-compare -Wno-unused-parameter -Wno-unused-value -Wsuggest-attribute=format -Wsuggest-attribute=noreturn -Wunused-variable -Wundef" />
        </RbConfig>
      </additional>
    </jdk>
  </component>
</application>