<application>
  <component name="ProjectManager">
    <defaultProject>
      <component name="ProjectViewState">
        <option name="showLibraryContents" value="true" />
      </component>
      <component name="PropertiesComponent"><![CDATA[{
  "keyToString": {
    "go.import.settings.migrated": "true",
    "project.structure.last.edited": "Project",
    "project.structure.proportion": "0.0",
    "project.structure.side.proportion": "0.0",
    "settings.editor.selected.configurable": "configurable.group.appearance"
  }
}]]></component>
      <component name="WindowStateProjectService">
        <state x="768" y="294" key="SettingsEditor" timestamp="1675245823150">
          <screen x="0" y="32" width="2560" height="1376" />
        </state>
        <state x="768" y="294" key="SettingsEditor/0.32.2560.1376" timestamp="1675245823150" />
      </component>
      <component name="masterDetails">
        <states>
          <state key="GlobalLibrariesConfigurable.UI" />
          <state key="JdkListConfigurable.UI" />
          <state key="ProjectLibrariesConfigurable.UI" />
        </states>
      </component>
    </defaultProject>
  </component>
</application>