<profile version="1.0">
  <option name="myName" value="Default" />
  <inspection_tool class="PyArgumentListInspection" enabled="false" level="WARNING" enabled_by_default="false" />
  <inspection_tool class="PyUnresolvedReferencesInspection" enabled="true" level="WARNING" enabled_by_default="true">
    <option name="ignoredIdentifiers">
      <list>
        <option value="tca.application.*" />
      </list>
    </option>
  </inspection_tool>
  <inspection_tool class="RubyInterpreter" enabled="false" level="WARNING" enabled_by_default="false" />
</profile>